,Number ,,,,,,,Cicrularity ,,Alignment,Cell
1,Trial1_1-0002.tif,183.941,368.431,148,1608,0.869,1.379,0.725,0.982,AM,MDA-MB-231
2,Trial1_1-0002.tif,115.113,316.633,149,1193,0.751,2.127,0.47,0.97,AM,MDA-MB-231
3,Trial1_1-0002.tif,88.053,314.789,147,1381,0.82,1.853,0.54,0.97,AM,MDA-MB-231
4,Trial1_1-0002.tif,108.869,341.884,148,1844,0.862,1.614,0.62,0.98,AM,MDA-MB-231
5,Trial1_1-0002.tif,128.423,289.846,148,1306,0.759,2.113,0.473,0.954,AM,MDA-MB-231
6,Trial1_2-0002.tif,113.842,322.785,147,1176,0.81,1.86,0.538,0.969,AM,MDA-MB-231
7,Trial1_2-0002.tif,96.646,297.435,148,1630,0.809,1.731,0.578,0.973,AM,MDA-MB-231
8,Trial1_2-0002.tif,98.795,258.166,147,1573,0.663,2.846,0.351,0.955,AM,MDA-MB-231
9,Trial1_2-0002.tif,133.853,274.86,148,1304,0.772,2.017,0.496,0.971,AM,MDA-MB-231
10,Trial1_2-0002.tif,136.577,297.897,147,1311,0.748,1.889,0.529,0.964,AM,MDA-MB-231
11,Trial1_3-0002.tif,116.411,273.185,147,1235,0.787,1.778,0.562,0.971,AM,MDA-MB-231
12,Trial1_3-0002.tif,117.645,344.861,147,1325,0.772,2.067,0.484,0.97,AM,MDA-MB-231
13,Trial1_3-0002.tif,113.385,355.445,148,3150,0.909,1.362,0.734,0.979,AM,MDA-MB-231
14,Trial1_3-0002.tif,114.619,350.542,148,1479,0.917,1.118,0.895,0.978,AM,MDA-MB-231
15,Trial1_3-0002.tif,74.048,355.419,148,1417,0.907,1.35,0.741,0.973,AM,MDA-MB-231
16,Trial1_4-0002.tif,140.719,322.115,148,3112,0.849,1.602,0.624,0.975,AM,MDA-MB-231
17,Trial1_4-0002.tif,68.078,294.925,147,1122,0.762,1.909,0.524,0.969,AM,MDA-MB-231
18,Trial1_4-0002.tif,120.662,281.03,148,1166,0.726,2.299,0.435,0.975,AM,MDA-MB-231
19,Trial1_4-0002.tif,69.623,336.535,148,1143,0.798,1.581,0.632,0.969,AM,MDA-MB-231
20,Trial1_4-0002.tif,122.664,267.606,147,1445,0.643,2.525,0.396,0.956,AM,MDA-MB-231
21,Trial1_5-0002.tif,101.044,424.692,148,1447,0.824,1.589,0.629,0.971,AM,MDA-MB-231
22,Trial1_5-0002.tif,99.91,597.789,150,2700,0.896,1.151,0.869,0.973,AM,MDA-MB-231
23,Trial1_5-0002.tif,89.351,499.77,150,1732,0.761,1.805,0.554,0.96,AM,MDA-MB-231
24,Trial1_5-0002.tif,62.904,430.565,149,1623,0.821,1.319,0.758,0.962,AM,MDA-MB-231
25,Trial1_5-0002.tif,125.745,363.037,148,1679,0.915,1.382,0.724,0.975,AM,MDA-MB-231
26,Trial1_6-0002.tif,107.955,381.067,149,1668,0.762,1.949,0.513,0.965,AM,MDA-MB-231
27,Trial1_6-0002.tif,97.497,314.057,148,2297,0.875,1.494,0.67,0.975,AM,MDA-MB-231
28,Trial1_6-0002.tif,84.223,291.235,146,1100,0.686,2.585,0.387,0.955,AM,MDA-MB-231
29,Trial1_6-0002.tif,75.803,324.014,148,1244,0.864,1.381,0.724,0.951,AM,MDA-MB-231
30,Trial1_6-0002.tif,79.743,324.618,148,1195,0.765,1.962,0.51,0.933,AM,MDA-MB-231
31,Trial1_8-0002.tif,114.071,435.309,149,1637,0.927,1.335,0.749,0.977,AM,MDA-MB-231
32,Trial1_8-0002.tif,58.608,393.414,149,1919,0.76,2.114,0.473,0.951,AM,MDA-MB-231
33,Trial1_8-0002.tif,127.82,458.12,148,2168,0.758,1.719,0.582,0.97,AM,MDA-MB-231
34,Trial1_8-0002.tif,97.652,544.09,148,2700,0.735,1.873,0.534,0.966,AM,MDA-MB-231
35,Trial1_8-0002.tif,94.087,370.082,149,1429,0.929,1.132,0.884,0.979,AM,MDA-MB-231
36,Trial1_10-0002.tif,120.717,368.721,148,1421,0.85,1.657,0.604,0.966,AM,MDA-MB-231
37,Trial1_10-0002.tif,85.32,390.71,149,2540,0.759,2.078,0.481,0.973,AM,MDA-MB-231
38,Trial1_10-0002.tif,184.361,436.466,148,2784,0.938,1.11,0.901,0.979,AM,MDA-MB-231
39,Trial1_10-0002.tif,80.621,402.185,149,2326,0.812,1.77,0.565,0.973,AM,MDA-MB-231
40,Trial1_10-0002.tif,76.471,326.8,148,1841,0.817,1.796,0.557,0.974,AM,MDA-MB-231
41,Trial1_11-0002.tif,76.507,481.998,150,2117,0.616,2.466,0.405,0.964,AM,MDA-MB-231
42,Trial1_11-0002.tif,101.172,645.217,149,2139,0.78,1.845,0.542,0.968,AM,MDA-MB-231
43,Trial1_11-0002.tif,133.424,601.466,151,2150,0.82,1.238,0.808,0.969,AM,MDA-MB-231
44,Trial1_11-0002.tif,53.717,614.605,152,1826,0.839,1.456,0.687,0.957,AM,MDA-MB-231
45,Trial1_11-0002.tif,73.015,603.206,150,1927,0.71,1.776,0.563,0.93,AM,MDA-MB-231
46,Trial1_12-0002.tif,103.658,577.22,150,2251,0.819,1.807,0.554,0.974,AM,MDA-MB-231
47,Trial1_12-0002.tif,101.098,553.226,150,2261,0.888,1.435,0.697,0.976,AM,MDA-MB-231
48,Trial1_12-0002.tif,125.169,546.997,150,1955,0.863,1.323,0.756,0.954,AM,MDA-MB-231
49,Trial1_12-0002.tif,78.838,603.888,153,1888,0.792,1.681,0.595,0.943,AM,MDA-MB-231
50,Trial1_12-0002.tif,49.978,652.959,151,2265,0.829,1.45,0.689,0.968,AM,MDA-MB-231
51,Trial1_13-0002.tif,85.749,697.359,152,2782,0.929,1.147,0.872,0.978,AM,MDA-MB-231
52,Trial1_13-0002.tif,60.957,696.516,151,2551,0.91,1.34,0.746,0.969,AM,MDA-MB-231
53,Trial1_13-0002.tif,69.431,606.318,151,1756,0.714,2.082,0.48,0.936,AM,MDA-MB-231
54,Trial1_13-0002.tif,63.243,738.152,151,2518,0.923,1.218,0.821,0.971,AM,MDA-MB-231
55,Trial1_13-0002.tif,110.24,598.485,149,2428,0.863,1.405,0.712,0.968,AM,MDA-MB-231
56,Trial1_15-0002.tif,48.04,735.131,157,2079,0.703,2.405,0.416,0.95,AM,MDA-MB-231
57,Trial1_15-0002.tif,119.976,740.184,152,4004,0.8,1.959,0.511,0.963,AM,MDA-MB-231
58,Trial1_15-0002.tif,70.391,643.507,152,2124,0.911,1.296,0.772,0.97,AM,MDA-MB-231
59,Trial1_15-0002.tif,75.099,657.301,151,2188,0.89,1.548,0.646,0.973,AM,MDA-MB-231
60,Trial1_15-0002.tif,81.8,551.125,151,2064,0.905,1.467,0.682,0.977,AM,MDA-MB-231
61,Trial1_16-0002.tif,89.488,678.201,151,2362,0.889,1.471,0.68,0.973,AM,MDA-MB-231
62,Trial1_17-0002.tif,88.958,575.066,149,1842,0.811,1.633,0.612,0.964,AM,MDA-MB-231
63,Trial1_17-0002.tif,74.971,634.193,150,2011,0.92,1.187,0.842,0.977,AM,MDA-MB-231
64,Trial1_17-0002.tif,109.353,501.056,151,1926,0.713,2.075,0.482,0.973,AM,MDA-MB-231
65,Trial1_17-0002.tif,109.911,582.987,150,2025,0.693,2.389,0.419,0.974,AM,MDA-MB-231
66,Trial1_17-0002.tif,89.854,709.641,150,2382,0.909,1.221,0.819,0.966,AM,MDA-MB-231
67,Trial1_18-0002.tif,91.673,529.677,149,2005,0.793,1.983,0.504,0.968,AM,MDA-MB-231
68,Trial1_18-0002.tif,71.05,599.892,150,2339,0.896,1.43,0.699,0.974,AM,MDA-MB-231
1,Trial1_1-0002.tif,142.419,326.147,148,1356,0.923,1.23,0.813,0.98,RM,MDA-MB-231
2,Trial1_1-0002.tif,148.16,416.671,147,1803,0.889,1.308,0.765,0.977,RM,MDA-MB-231
3,Trial1_1-0002.tif,141.651,340.995,147,1429,0.895,1.499,0.667,0.981,RM,MDA-MB-231
19,Trial1_5-0002.tif,156.415,460.421,148,2280,0.892,1.263,0.792,0.972,RM,MDA-MB-231
20,Trial1_5-0002.tif,87.441,414.941,149,1717,0.905,1.183,0.846,0.975,RM,MDA-MB-231
21,Trial1_5-0002.tif,154.925,465.981,148,2030,0.881,1.511,0.662,0.973,RM,MDA-MB-231
22,Trial1_5-0002.tif,125.406,503.759,149,1952,0.86,1.638,0.611,0.978,RM,MDA-MB-231
23,Trial1_5-0002.tif,124.392,549.778,149,4011,0.922,1.103,0.907,0.969,RM,MDA-MB-231
24,Trial1_6-0002.tif,105.468,389.714,148,2397,0.804,1.772,0.564,0.961,RM,MDA-MB-231
25,Trial1_6-0002.tif,110.679,400.944,148,1803,0.906,1.283,0.78,0.972,RM,MDA-MB-231
26,Trial1_6-0002.tif,135.133,430.299,149,1798,0.913,1.329,0.752,0.978,RM,MDA-MB-231
27,Trial1_6-0002.tif,135.115,342.774,148,1561,0.874,1.351,0.74,0.975,RM,MDA-MB-231
28,Trial1_8-0002.tif,59.449,479.344,148,1579,0.912,1.269,0.788,0.969,RM,MDA-MB-231
29,Trial1_8-0002.tif,62.731,464.612,148,1593,0.765,1.906,0.525,0.963,RM,MDA-MB-231
30,Trial1_8-0002.tif,84.36,536.453,148,2244,0.938,1.158,0.863,0.977,RM,MDA-MB-231
31,Trial1_8-0002.tif,111.383,398.502,146,1686,0.823,1.747,0.573,0.969,RM,MDA-MB-231
32,Trial1_8-0002.tif,51.532,623.966,148,2956,0.873,1.407,0.711,0.961,RM,MDA-MB-231
33,Trial1_10-0002.tif,179.498,366.135,147,1398,0.941,1.131,0.884,0.982,RM,MDA-MB-231
34,Trial1_10-0002.tif,129.913,376.596,147,1987,0.869,1.548,0.646,0.975,RM,MDA-MB-231
35,Trial1_10-0002.tif,88.519,346.133,148,1355,0.957,1.108,0.902,0.979,RM,MDA-MB-231
36,Trial1_10-0002.tif,106.483,402.612,148,2021,0.904,1.447,0.691,0.978,RM,MDA-MB-231
37,Trial2_11-0002.tif,115.579,411.323,147,1591,0.898,1.436,0.696,0.973,RM,MDA-MB-231
38,Trial2_11-0002.tif,101.263,347.625,148,1172,0.914,1.139,0.878,0.978,RM,MDA-MB-231
39,Trial2_11-0002.tif,164.231,431.866,148,1909,0.945,1.039,0.963,0.98,RM,MDA-MB-231
40,Trial2_11-0002.tif,114.893,314.396,147,1398,0.88,1.267,0.789,0.975,RM,MDA-MB-231
41,Trial2_11-0002.tif,107.424,399.117,149,1521,0.877,1.452,0.689,0.974,RM,MDA-MB-231
42,Trial2_12-0002.tif,112.425,356.073,148,1501,0.928,1.177,0.85,0.972,RM,MDA-MB-231
43,Trial2_12-0002.tif,76.781,297.733,148,1261,0.908,1.319,0.758,0.975,RM,MDA-MB-231
44,Trial2_12-0002.tif,119.336,463.039,149,1915,0.944,1.148,0.871,0.98,RM,MDA-MB-231
45,Trial2_12-0002.tif,59.366,326.874,148,1141,0.853,1.544,0.648,0.966,RM,MDA-MB-231
46,Trial2_13-0002.tif,96.4,550.867,148,2149,0.907,1.155,0.866,0.976,RM,MDA-MB-231
47,Trial2_13-0002.tif,71.625,405.203,148,1481,0.803,1.949,0.513,0.967,RM,MDA-MB-231
48,Trial2_13-0002.tif,110.871,421.998,148,1600,0.868,1.2,0.834,0.964,RM,MDA-MB-231
49,Trial2_13-0002.tif,101.976,428.837,148,1474,0.937,1.216,0.822,0.975,RM,MDA-MB-231
50,Trial2_13-0002.tif,78.573,436.091,148,1565,0.852,1.028,0.973,0.978,RM,MDA-MB-231
51,Trial2_13-0002.tif,86.316,390.636,148,1834,0.812,1.493,0.67,0.969,RM,MDA-MB-231
52,Trial2_14-0002.tif,113.376,501.949,148,1775,0.919,1.22,0.819,0.982,RM,MDA-MB-231
53,Trial2_14-0002.tif,100.833,372.9,148,1375,0.895,1.419,0.705,0.974,RM,MDA-MB-231
54,Trial2_14-0002.tif,83.226,361.584,148,1645,0.841,1.476,0.678,0.967,RM,MDA-MB-231
55,Trial2_14-0002.tif,148.8,355.656,147,1742,0.914,1.271,0.787,0.975,RM,MDA-MB-231
56,Trial2_15-0002.tif,97.945,522.495,148,2276,0.816,1.714,0.583,0.966,RM,MDA-MB-231
57,Trial2_15-0002.tif,210.47,468.713,148,2171,0.912,1.217,0.822,0.98,RM,MDA-MB-231
58,Trial2_15-0002.tif,131.595,461.678,149,1832,0.875,1.526,0.655,0.978,RM,MDA-MB-231
59,Trial2_15-0002.tif,86.737,428.468,149,1513,0.933,1.086,0.921,0.975,RM,MDA-MB-231
60,Trial2_16-0002.tif,107.79,282.427,147,1331,0.78,1.943,0.515,0.969,RM,MDA-MB-231
61,Trial2_16-0002.tif,90.942,375.222,148,1527,0.918,1.223,0.818,0.974,RM,MDA-MB-231
62,Trial2_16-0002.tif,155.446,349.935,148,1581,0.899,1.282,0.78,0.976,RM,MDA-MB-231
63,Trial2_16-0002.tif,151.332,320.614,147,2217,0.898,1.35,0.74,0.978,RM,MDA-MB-231
64,Trial2_17-0002.tif,158.618,361.496,148,1251,0.931,1.233,0.811,0.98,RM,MDA-MB-231
65,Trial2_17-0002.tif,167.385,336.968,148,1866,0.932,1.13,0.885,0.982,RM,MDA-MB-231
66,Trial2_17-0002.tif,224.768,369.145,148,2103,0.914,1.256,0.796,0.981,RM,MDA-MB-231
67,Trial2_17-0002.tif,149.897,367.961,148,1415,0.844,1.181,0.847,0.983,RM,MDA-MB-231
68,Trial2_17-0002.tif,211.595,325.681,146,1718,0.911,1.313,0.761,0.975,RM,MDA-MB-231
69,Trial2_18-0002.tif,93.483,448.598,148,1487,0.906,1.326,0.754,0.971,RM,MDA-MB-231
70,Trial2_18-0002.tif,207.993,448.063,148,1881,0.915,1.322,0.756,0.98,RM,MDA-MB-231
71,Trial2_18-0002.tif,119.263,532.17,149,1847,0.892,1.477,0.677,0.972,RM,MDA-MB-231
72,Trial2_18-0002.tif,140.454,474.373,148,1743,0.948,1.203,0.831,0.983,RM,MDA-MB-231
1,Trial2_23-0002.tif,52.748,751.816,152,2343,0.804,1.704,0.587,0.962,AM,MDA-MB-231
2,Trial2_23-0002.tif,95.266,659.262,153,2360,0.599,2.872,0.348,0.96,AM,MDA-MB-231
3,Trial2_23-0002.tif,97.186,760.773,152,2817,0.782,1.619,0.618,0.981,AM,MDA-MB-231
4,Trial2_23-0002.tif,112.855,592.46,152,3075,0.879,1.564,0.64,0.979,AM,MDA-MB-231
5,Trial2_22-0002.tif,57.977,1021.775,159,2961,0.864,1.331,0.751,0.969,AM,MDA-MB-231
6,Trial2_22-0002.tif,77.595,621.305,151,2300,0.858,1.553,0.644,0.98,AM,MDA-MB-231
7,Trial2_22-0002.tif,56.542,728.385,152,2199,0.829,1.819,0.55,0.966,AM,MDA-MB-231
8,Trial2_22-0002.tif,63.965,720.17,152,2106,0.744,1.431,0.699,0.959,AM,MDA-MB-231
9,Trial2_22-0002.tif,107.863,611.159,151,2921,0.863,1.289,0.776,0.977,AM,MDA-MB-231
10,Trial2_21-0002.tif,73.957,402.946,150,1946,0.928,1.245,0.803,0.973,AM,MDA-MB-231
11,Trial2_21-0002.tif,65.336,467.506,150,1532,0.866,1.563,0.64,0.975,AM,MDA-MB-231
12,Trial2_21-0002.tif,51.587,517.174,151,1973,0.768,2.133,0.469,0.978,AM,MDA-MB-231
13,Trial2_21-0002.tif,53.36,474.257,150,1416,0.867,1.559,0.642,0.97,AM,MDA-MB-231
14,Trial2_20-0002.tif,165.602,367.006,148,1353,0.738,2.155,0.464,0.977,AM,MDA-MB-231
15,Trial2_20-0002.tif,136.34,350.658,149,1693,0.845,1.796,0.557,0.981,AM,MDA-MB-231
16,Trial2_20-0002.tif,71.424,432.831,150,2699,0.862,1.462,0.684,0.977,AM,MDA-MB-231
17,Trial2_20-0002.tif,87.788,496.152,150,1754,0.886,1.381,0.724,0.975,AM,MDA-MB-231
18,Trial2_19-0002.tif,137.492,379.956,148,1446,0.91,1.254,0.797,0.981,AM,MDA-MB-231
19,Trial2_19-0002.tif,69.596,454.318,149,1850,0.885,1.462,0.684,0.966,AM,MDA-MB-231
20,Trial2_19-0002.tif,123.715,547.429,150,3337,0.684,2.189,0.457,0.918,AM,MDA-MB-231
21,Trial2_19-0002.tif,91.207,416.059,149,1644,0.861,1.046,0.956,0.967,AM,MDA-MB-231
22,Trial2_18-0002.tif,107.397,413.844,149,1500,0.904,1.308,0.764,0.977,AM,MDA-MB-231
23,Trial2_18-0002.tif,71.662,428.657,149,1383,0.619,3.006,0.333,0.96,AM,MDA-MB-231
24,Trial2_18-0002.tif,94.891,358.611,149,1249,0.661,2.269,0.441,0.967,AM,MDA-MB-231
25,Trial2_17-0002.tif,115.305,457.231,149,1542,0.707,2.111,0.474,0.973,AM,MDA-MB-231
26,Trial2_17-0002.tif,116.877,348.784,149,1523,0.889,1.537,0.651,0.981,AM,MDA-MB-231
27,Trial2_17-0002.tif,77.568,362.936,148,1366,0.87,1.654,0.605,0.973,AM,MDA-MB-231
28,Trial2_17-0002.tif,91.39,417.045,149,1534,0.75,1.952,0.512,0.964,AM,MDA-MB-231
29,Trial2_17-0002.tif,99.727,355.388,149,1518,0.804,1.855,0.539,0.97,AM,MDA-MB-231
30,Trial2_16-0002.tif,151.104,403.603,149,1597,0.778,1.804,0.554,0.979,AM,MDA-MB-231
31,Trial2_16-0002.tif,135.663,411.382,150,1650,0.86,1.698,0.589,0.974,AM,MDA-MB-231
32,Trial2_16-0002.tif,69.843,317.007,148,1342,0.813,1.698,0.589,0.971,AM,MDA-MB-231
33,Trial2_16-0002.tif,83.592,395.927,149,1397,0.852,1.77,0.565,0.977,AM,MDA-MB-231
34,Trial2_16-0002.tif,150.683,403.912,149,1597,0.728,2.22,0.451,0.962,AM,MDA-MB-231
35,Trial2_16-0002.tif,97.835,424.522,149,1471,0.903,1.328,0.753,0.981,AM,MDA-MB-231
36,Trial2_15-0002.tif,108.028,373.396,148,1781,0.953,1.081,0.925,0.983,AM,MDA-MB-231
37,Trial2_15-0002.tif,56.633,393.456,150,1683,0.726,2.182,0.458,0.951,AM,MDA-MB-231
38,Trial2_15-0002.tif,105.825,431.359,150,1938,0.883,1.351,0.74,0.976,AM,MDA-MB-231
39,Trial2_15-0002.tif,140.582,380.071,149,2463,0.729,1.718,0.582,0.939,AM,MDA-MB-231
40,Trial2_14-0002.tif,113.293,525.157,150,2004,0.726,2.306,0.434,0.951,AM,MDA-MB-231
41,Trial2_14-0002.tif,71.625,507.76,150,1997,0.734,2.331,0.429,0.961,AM,MDA-MB-231
42,Trial2_14-0002.tif,106.072,424.911,149,1554,0.747,2.178,0.459,0.966,AM,MDA-MB-231
43,Trial2_14-0002.tif,132.866,367,148,2661,0.868,1.549,0.646,0.982,AM,MDA-MB-231
44,Trial2_14-0002.tif,115.177,372.857,149,1731,0.591,2.934,0.341,0.936,AM,MDA-MB-231
45,Trial2_13-0002.tif,72.549,410.265,150,1412,0.623,2.998,0.334,0.959,AM,MDA-MB-231
46,Trial2_13-0002.tif,98.795,396.509,149,1413,0.816,1.901,0.526,0.967,AM,MDA-MB-231
47,Trial2_13-0002.tif,103.987,362.281,149,2283,0.858,1.671,0.598,0.976,AM,MDA-MB-231
48,Trial2_13-0002.tif,77.714,413.14,150,1413,0.768,2.004,0.499,0.966,AM,MDA-MB-231
49,Trial2_12-0002.tif,128.633,351.789,149,2707,0.758,1.969,0.508,0.972,AM,MDA-MB-231
50,Trial2_12-0002.tif,210.9,414.288,149,2857,0.685,2.201,0.454,0.91,AM,MDA-MB-231
51,Trial2_12-0002.tif,108.924,293.323,149,1563,0.839,1.696,0.589,0.981,AM,MDA-MB-231
52,Trial2_12-0002.tif,167.038,504.719,149,2254,0.85,1.308,0.764,0.973,AM,MDA-MB-231
53,Trial2_11-0002.tif,156.04,370.099,149,1518,0.882,1.528,0.654,0.975,AM,MDA-MB-231
54,Trial2_11-0002.tif,108.046,385.933,148,1397,0.833,1.558,0.642,0.972,AM,MDA-MB-231
55,Trial1_7-0002.tif,110.505,685.57,151,2528,0.767,2.161,0.463,0.973,AM,MDA-MB-231
56,Trial1_4-0002.tif,100.559,383.413,149,1492,0.837,1.783,0.561,0.977,AM,MDA-MB-231
57,Trial1_4-0002.tif,55.207,570.353,152,1864,0.903,1.426,0.701,0.977,AM,MDA-MB-231
58,Trial1_3-0002.tif,109.427,320.387,149,1222,0.798,1.944,0.514,0.973,AM,MDA-MB-231
59,Trial1_3-0002.tif,79.935,357.251,148,1761,0.663,1.957,0.511,0.96,AM,MDA-MB-231
60,Trial1_2-0002.tif,128.789,287.018,147,1337,0.76,2.204,0.454,0.973,AM,MDA-MB-231
61,Trial1_2-0002.tif,88.108,302.498,147,1191,0.77,2.106,0.475,0.961,AM,MDA-MB-231
62,Trial1_1-0002.tif,111.621,358.797,147,1356,0.781,2.026,0.494,0.975,AM,MDA-MB-231
63,Trial1_1-0002.tif,103.987,416.873,149,1522,0.887,1.505,0.665,0.982,AM,MDA-MB-231
1,Trial2_23-0002.tif,169.497,381.903,148,2100,0.886,1.494,0.669,0.98,RM,MDA-MB-231
2,Trial2_23-0002.tif,251.69,458.777,149,2316,0.926,1.296,0.771,0.986,RM,MDA-MB-231
3,Trial2_23-0002.tif,118.203,554.035,149,2044,0.799,1.965,0.509,0.977,RM,MDA-MB-231
4,Trial2_23-0002.tif,106.711,605.815,150,2014,0.938,1.095,0.914,0.982,RM,MDA-MB-231
5,Trial2_22-0002.tif,132.528,420.21,149,2476,0.801,1.424,0.702,0.983,RM,MDA-MB-231
6,Trial2_22-0002.tif,138.689,339.777,148,1658,0.806,1.465,0.683,0.979,RM,MDA-MB-231
7,Trial2_21-0002.tif,137.51,457.828,149,2230,0.739,2.171,0.461,0.977,RM,MDA-MB-231
8,Trial2_20-0002.tif,145.637,366.886,148,1697,0.893,1.523,0.657,0.981,RM,MDA-MB-231
9,Trial2_19-0002.tif,165.155,366.856,148,1437,0.876,1.397,0.716,0.977,RM,MDA-MB-231
10,Trial2_19-0002.tif,89.004,371.958,149,1523,0.866,1.441,0.694,0.97,RM,MDA-MB-231
11,Trial2_18-0002.tif,121.457,594.511,150,2051,0.934,1.264,0.791,0.984,RM,MDA-MB-231
12,Trial2_18-0002.tif,114.976,429.633,149,2406,0.841,1.766,0.566,0.967,RM,MDA-MB-231
13,Trial2_17-0002.tif,146.542,432.615,149,2063,0.9,1.236,0.809,0.982,RM,MDA-MB-231
14,Trial2_17-0002.tif,125.9,485.325,149,2430,0.914,1.438,0.695,0.98,RM,MDA-MB-231
15,Trial2_16-0002.tif,101.903,491.728,149,2331,0.945,1.151,0.869,0.977,RM,MDA-MB-231
16,Trial2_16-0002.tif,115.561,451.967,148,2056,0.947,1.146,0.873,0.979,RM,MDA-MB-231
17,Trial2_15-0002.tif,120.881,366.4,149,1820,0.931,1.078,0.927,0.978,RM,MDA-MB-231
18,Trial2_15-0002.tif,181.089,594.34,149,2818,0.886,1.24,0.807,0.962,RM,MDA-MB-231
19,Trial2_13-0002.tif,80.264,405.988,146,1544,0.9,1.321,0.757,0.973,RM,MDA-MB-231
20,Trial2_13-0002.tif,54.604,346.908,150,1310,0.888,1.37,0.73,0.974,RM,MDA-MB-231
21,Trial2_12-0002.tif,161.626,368.601,149,1930,0.919,1.321,0.757,0.981,RM,MDA-MB-231
22,Trial2_12-0002.tif,70.684,544.971,151,1937,0.909,1.23,0.813,0.971,RM,MDA-MB-231
23,Trial2_11-0002.tif,112.352,803.563,151,2548,0.889,1.462,0.684,0.973,RM,MDA-MB-231
24,Trial2_11-0002.tif,113.193,371.688,149,1468,0.849,1.607,0.622,0.98,RM,MDA-MB-231
25,Trial2_10-0002.tif,141.825,392.978,149,2006,0.92,1.382,0.723,0.984,RM,MDA-MB-231
26,Trial2_8-0002.tif,104.792,448.22,149,1896,0.742,2.265,0.442,0.977,RM,MDA-MB-231
27,Trial2_7-0002.tif,143.763,405.775,148,2295,0.961,1.112,0.899,0.983,RM,MDA-MB-231
28,Trial2_7-0002.tif,84.223,468.978,151,1463,0.827,1.625,0.615,0.959,RM,MDA-MB-231
29,Trial1_6-0002.tif,205.159,587.228,149,2316,0.909,1.397,0.716,0.984,RM,MDA-MB-231
30,Trial1_6-0002.tif,79.14,603.138,150,2140,0.808,1.545,0.647,0.943,RM,MDA-MB-231
1,Trial1_1-0002.tif,108.531,316.945,148,2657,0.907,1.352,0.74,0.979,RM,MDA-MB-231
2,Trial1_1-0002.tif,83.162,376.838,149,1303,0.931,1.226,0.816,0.978,RM,MDA-MB-231
3,Trial1_1-0002.tif,65.519,377.157,148,1571,0.916,1.38,0.725,0.971,RM,MDA-MB-231
4,Trial1_1-0002.tif,81.014,384.52,150,1383,0.727,1.799,0.556,0.969,RM,MDA-MB-231
5,Trial1_1-0002.tif,143.598,404.264,149,1533,0.845,1.425,0.702,0.965,RM,MDA-MB-231
6,Trial1_3-0002.tif,108.649,333.023,148,2507,0.859,1.586,0.63,0.967,RM,MDA-MB-231
7,Trial1_3-0002.tif,113.559,322.52,147,1464,0.901,1.434,0.697,0.977,RM,MDA-MB-231
8,Trial1_3-0002.tif,130.48,348.235,149,1436,0.957,1.084,0.922,0.982,RM,MDA-MB-231
9,Trial1_3-0002.tif,94.983,333.706,148,1756,0.95,1.09,0.918,0.979,RM,MDA-MB-231
10,Trial1_3-0002.tif,80.53,301.98,148,1214,0.927,1.206,0.829,0.975,RM,MDA-MB-231
11,Trial1_4-0002.tif,160.894,328.153,148,2166,0.894,1.206,0.829,0.981,RM,MDA-MB-231
12,Trial1_4-0002.tif,103.53,334.668,148,1275,0.909,1.394,0.717,0.974,RM,MDA-MB-231
13,Trial1_4-0002.tif,91.609,287.968,149,1184,0.824,1.875,0.533,0.976,RM,MDA-MB-231
14,Trial1_4-0002.tif,105.733,285.177,149,1085,0.913,1.227,0.815,0.977,RM,MDA-MB-231
15,Trial1_4-0002.tif,119.144,263.892,148,1186,0.946,1.077,0.928,0.977,RM,MDA-MB-231
16,Trial1_6-0002.tif,141.843,331.89,149,1460,0.899,1.446,0.692,0.977,RM,MDA-MB-231
17,Trial1_6-0002.tif,101.437,303.269,148,3442,0.858,1.044,0.958,0.968,RM,MDA-MB-231
18,Trial1_6-0002.tif,122.801,258.514,148,2718,0.838,1.406,0.711,0.966,RM,MDA-MB-231
19,Trial1_6-0002.tif,96.016,269.575,147,1340,0.923,1.265,0.791,0.977,RM,MDA-MB-231
20,Trial1_6-0002.tif,122.563,273.507,146,1136,0.93,1.307,0.765,0.978,RM,MDA-MB-231
21,Trial1_7-0002.tif,140.454,300.752,147,2293,0.843,1.393,0.718,0.975,RM,MDA-MB-231
22,Trial1_7-0002.tif,92.633,294.37,148,1207,0.96,1.037,0.964,0.979,RM,MDA-MB-231
23,Trial1_7-0002.tif,55.957,314.73,149,1064,0.766,1.75,0.571,0.911,RM,MDA-MB-231
24,Trial1_7-0002.tif,154.541,296.171,147,2293,0.953,1.175,0.851,0.985,RM,MDA-MB-231
25,Trial1_8-0002.tif,177.176,382.887,148,2325,0.916,1.302,0.768,0.984,RM,MDA-MB-231
26,Trial1_8-0002.tif,67.621,365.917,148,1240,0.911,1.396,0.716,0.972,RM,MDA-MB-231
27,Trial1_8-0002.tif,149.833,339.628,148,1596,0.887,1.509,0.663,0.973,RM,MDA-MB-231
28,Trial1_8-0002.tif,101.912,329.459,148,3084,0.918,1.108,0.903,0.978,RM,MDA-MB-231
29,Trial1_8-0002.tif,135.499,265.2,147,1604,0.894,1.412,0.708,0.981,RM,MDA-MB-231
30,Trial1_9-0002.tif,127.061,258.047,148,1297,0.945,1.167,0.857,0.98,RM,MDA-MB-231
31,Trial1_9-0002.tif,124.785,316.172,148,1859,0.902,1.23,0.813,0.98,RM,MDA-MB-231
32,Trial1_9-0002.tif,137.684,345.186,148,1701,0.89,1.598,0.626,0.982,RM,MDA-MB-231
33,Trial1_9-0002.tif,86.38,311.415,148,1164,0.93,1.214,0.824,0.981,RM,MDA-MB-231
34,Trial1_9-0002.tif,74.414,234.587,147,1082,0.921,1.353,0.739,0.98,RM,MDA-MB-231
35,Trial1_10-0002.tif,111.822,312.967,148,1304,0.936,1.277,0.783,0.982,RM,MDA-MB-231
36,Trial1_10-0002.tif,111.986,312.389,147,1251,0.868,1.558,0.642,0.977,RM,MDA-MB-231
37,Trial1_10-0002.tif,97.533,302.659,148,1237,0.819,1.753,0.57,0.966,RM,MDA-MB-231
38,Trial1_10-0002.tif,79.186,373.29,148,1764,0.793,1.458,0.686,0.953,RM,MDA-MB-231
39,Trial1_10-0002.tif,78.71,340.292,149,1943,0.711,2.26,0.442,0.958,RM,MDA-MB-231
40,Trial1_11-0002.tif,120.049,323.396,147,1325,0.867,1.604,0.624,0.973,RM,MDA-MB-231
41,Trial1_11-0002.tif,81.8,307.566,148,1545,0.832,1.367,0.732,0.958,RM,MDA-MB-231
42,Trial1_11-0002.tif,169.378,349.172,148,1639,0.845,1.69,0.592,0.974,RM,MDA-MB-231
43,Trial1_11-0002.tif,173.812,310.152,147,1889,0.835,1.484,0.674,0.979,RM,MDA-MB-231
44,Trial1_11-0002.tif,136.769,321.573,146,1482,0.908,1.18,0.847,0.973,RM,MDA-MB-231
45,Trial1_11-0002.tif,66.415,357.082,148,1256,0.863,1.694,0.59,0.981,RM,MDA-MB-231
46,Trial2_12-0002.tif,159.267,543.468,149,3114,0.825,1.865,0.536,0.974,RM,MDA-MB-231
47,Trial2_12-0002.tif,59.677,412.205,149,1444,0.846,1.614,0.62,0.971,RM,MDA-MB-231
48,Trial2_12-0002.tif,108.156,417.131,148,2222,0.749,1.583,0.632,0.972,RM,MDA-MB-231
49,Trial2_13-0002.tif,154.733,401.066,148,1989,0.884,1.092,0.915,0.971,RM,MDA-MB-231
50,Trial2_13-0002.tif,78.281,299.273,148,1488,0.913,1.233,0.811,0.978,RM,MDA-MB-231
51,Trial2_14-0002.tif,125.479,372.885,149,1918,0.951,1.021,0.979,0.987,RM,MDA-MB-231
52,Trial2_14-0002.tif,115.268,360.999,149,1748,0.903,1.236,0.809,0.976,RM,MDA-MB-231
53,Trial2_14-0002.tif,69.834,426.511,149,1865,0.925,1.229,0.814,0.977,RM,MDA-MB-231
54,Trial2_15-0002.tif,127.189,308.619,149,1809,0.939,1.116,0.896,0.978,RM,MDA-MB-231
55,Trial2_15-0002.tif,129.63,311.627,148,1463,0.933,1.242,0.805,0.986,RM,MDA-MB-231
56,Trial2_15-0002.tif,161.077,386.329,148,3533,0.918,1.255,0.797,0.978,RM,MDA-MB-231
57,Trial2_15-0002.tif,119.025,360.793,148,1435,0.908,1.399,0.715,0.976,RM,MDA-MB-231
58,Trial2_16-0002.tif,100.047,280.531,148,1063,0.859,1.585,0.631,0.971,RM,MDA-MB-231
59,Trial2_16-0002.tif,84.424,303.303,148,1145,0.936,1.294,0.773,0.983,RM,MDA-MB-231
60,Trial2_17-0002.tif,68.801,387.522,149,1649,0.899,1.258,0.795,0.969,RM,MDA-MB-231
61,Trial2_17-0002.tif,94.388,382.866,148,1503,0.953,1.105,0.905,0.979,RM,MDA-MB-231
62,Trial2_17-0002.tif,78.692,356.24,148,2472,0.928,1.165,0.859,0.97,RM,MDA-MB-231
63,Trial2_18-0002.tif,170.521,320.109,148,2468,0.906,1.336,0.748,0.98,RM,MDA-MB-231
64,Trial2_18-0002.tif,148.279,323.042,148,2363,0.888,1.445,0.692,0.974,RM,MDA-MB-231
65,Trial2_18-0002.tif,158.801,352.234,148,1323,0.939,1.174,0.852,0.98,RM,MDA-MB-231
66,Trial2_20-0002.tif,96.29,323.032,148,1405,0.894,1.287,0.777,0.978,RM,MDA-MB-231
67,Trial2_20-0002.tif,70.464,320.346,149,2035,0.929,1.315,0.761,0.976,RM,MDA-MB-231
68,Trial2_21-0002.tif,94.004,431.347,149,1454,0.94,1.057,0.946,0.977,RM,MDA-MB-231
69,Trial2_21-0002.tif,66.579,362.935,149,1490,0.902,1.329,0.753,0.969,RM,MDA-MB-231
70,Trial2_21-0002.tif,73.527,494.457,150,2387,0.918,1.298,0.77,0.972,RM,MDA-MB-231
71,Trial2_22-0002.tif,89.799,355.317,149,1464,0.925,1.284,0.779,0.977,RM,MDA-MB-231
72,Trial2_22-0002.tif,99.846,360.044,148,1576,0.92,1.28,0.781,0.977,RM,MDA-MB-231
73,Trial2_22-0002.tif,152.566,368.676,148,1481,0.713,2.277,0.439,0.976,RM,MDA-MB-231
1,Trial2_21-0002.tif,164.524,327.866,148,1400,0.761,2.119,0.472,0.966,AM,MDA-MB-231
2,Trial2_21-0002.tif,106.355,291.705,148,1388,0.792,1.992,0.502,0.967,AM,MDA-MB-231
3,Trial2_21-0002.tif,90.512,317.097,149,1339,0.656,2.816,0.355,0.97,AM,MDA-MB-231
4,Trial2_20-0002.tif,90.75,419.296,148,1619,0.768,2.091,0.478,0.971,AM,MDA-MB-231
5,Trial2_20-0002.tif,100.285,341.395,148,2781,0.756,1.733,0.577,0.954,AM,MDA-MB-231
6,Trial2_19-0002.tif,123.221,301.659,148,2034,0.577,2.998,0.334,0.948,AM,MDA-MB-231
7,Trial2_19-0002.tif,78.683,260.906,149,970,0.586,3.227,0.31,0.954,AM,MDA-MB-231
8,Trial2_18-0002.tif,109.39,316.306,149,1497,0.76,2.137,0.468,0.975,AM,MDA-MB-231
9,Trial2_18-0002.tif,106.73,337.27,148,1463,0.587,3.306,0.302,0.966,AM,MDA-MB-231
10,Trial2_18-0002.tif,82.504,367.501,149,1536,0.591,3.221,0.31,0.937,AM,MDA-MB-231
11,Trial2_18-0002.tif,144.485,268.925,148,1914,0.801,1.464,0.683,0.976,AM,MDA-MB-231
12,Trial2_17-0002.tif,150.043,324.32,148,1687,0.794,2.027,0.493,0.978,AM,MDA-MB-231
13,Trial2_17-0002.tif,78.527,296.831,148,2306,0.779,2.057,0.486,0.967,AM,MDA-MB-231
14,Trial2_17-0002.tif,81.691,323.383,148,1248,0.787,1.851,0.54,0.97,AM,MDA-MB-231
15,Trial2_17-0002.tif,95.485,288.369,148,2306,0.785,1.866,0.536,0.975,AM,MDA-MB-231
16,Trial2_16-0002.tif,147.456,275.215,148,1356,0.756,2.162,0.463,0.974,AM,MDA-MB-231
17,Trial2_16-0002.tif,68.27,356.327,149,1303,0.627,2.895,0.345,0.967,AM,MDA-MB-231
18,Trial2_16-0002.tif,97.25,351.044,148,1411,0.738,2.103,0.476,0.966,AM,MDA-MB-231
19,Trial2_16-0002.tif,99.718,346.024,148,1321,0.609,3.064,0.326,0.956,AM,MDA-MB-231
20,Trial2_16-0002.tif,77.348,311.477,149,1227,0.545,3.097,0.323,0.939,AM,MDA-MB-231
21,Trial2_15-0002.tif,152.393,267.701,148,1210,0.691,2.224,0.45,0.97,AM,MDA-MB-231
22,Trial2_15-0002.tif,91.554,301.053,149,2384,0.739,2.16,0.463,0.965,AM,MDA-MB-231
23,Trial2_15-0002.tif,119.3,307.274,149,2774,0.742,1.999,0.5,0.97,AM,MDA-MB-231
24,Trial2_15-0002.tif,112.334,324.101,148,1928,0.811,1.796,0.557,0.973,AM,MDA-MB-231
25,Trial2_14-0002.tif,191.519,359.967,149,1575,0.691,2.58,0.388,0.977,AM,MDA-MB-231
26,Trial2_14-0002.tif,89.196,323.315,148,1661,0.73,2.422,0.413,0.972,AM,MDA-MB-231
27,Trial2_14-0002.tif,83.784,343.077,148,1683,0.591,3.33,0.3,0.971,AM,MDA-MB-231
28,Trial2_14-0002.tif,79.478,339.478,149,1316,0.75,2.1,0.476,0.976,AM,MDA-MB-231
29,Trial2_14-0002.tif,90.695,303.339,148,1869,0.753,2.104,0.475,0.975,AM,MDA-MB-231
30,Trial2_13-0002.tif,99.261,315.119,148,1301,0.728,2.124,0.471,0.972,AM,MDA-MB-231
31,Trial2_13-0002.tif,82.321,403.678,149,1386,0.796,1.942,0.515,0.968,AM,MDA-MB-231
32,Trial2_13-0002.tif,96.381,350.208,148,1639,0.893,1.496,0.669,0.975,AM,MDA-MB-231
33,Trial2_13-0002.tif,106.145,338.034,147,2085,0.821,1.703,0.587,0.973,AM,MDA-MB-231
34,Trial2_13-0002.tif,142.885,402.362,149,1679,0.949,1.21,0.827,0.983,AM,MDA-MB-231
35,Trial2_12-0002.tif,126.549,381.545,148,2085,0.698,2.064,0.484,0.947,AM,MDA-MB-231
36,Trial2_12-0002.tif,141.889,423.268,149,1632,0.885,1.123,0.891,0.969,AM,MDA-MB-231
37,Trial2_12-0002.tif,100.596,306.062,149,1183,0.724,2.234,0.448,0.968,AM,MDA-MB-231
38,Trial2_12-0002.tif,120.781,356.262,149,1780,0.785,1.851,0.54,0.97,AM,MDA-MB-231
39,Trial2_12-0002.tif,118.705,364.548,149,3493,0.791,1.838,0.544,0.975,AM,MDA-MB-231
40,Trial2_12-0002.tif,105.368,335.692,149,2153,0.715,2.384,0.419,0.973,AM,MDA-MB-231
41,Trial1_11-0002.tif,99.691,388.529,149,1607,0.754,2.035,0.491,0.97,AM,MDA-MB-231
42,Trial1_11-0002.tif,121.695,378.103,148,1519,0.824,1.721,0.581,0.97,AM,MDA-MB-231
43,Trial1_11-0002.tif,88.784,319.075,148,2117,0.713,2.596,0.385,0.98,AM,MDA-MB-231
44,Trial1_10-0002.tif,152.63,403.735,148,2212,0.851,1.396,0.716,0.974,AM,MDA-MB-231
45,Trial1_8-0002.tif,84.497,497.204,149,1556,0.724,2.352,0.425,0.969,AM,MDA-MB-231
46,Trial1_8-0002.tif,92.624,510.116,150,1880,0.771,2.163,0.462,0.98,AM,MDA-MB-231
47,Trial1_8-0002.tif,75.383,387.703,149,1625,0.796,2.012,0.497,0.968,AM,MDA-MB-231
48,Trial1_7-0002.tif,128.606,367.396,149,1972,0.847,1.757,0.569,0.974,AM,MDA-MB-231
49,Trial1_7-0002.tif,137.638,334.909,149,1344,0.741,1.883,0.531,0.978,AM,MDA-MB-231
50,Trial1_7-0002.tif,103.576,385.408,149,1566,0.856,1.66,0.602,0.981,AM,MDA-MB-231
51,Trial1_7-0002.tif,150.519,361.664,149,2500,0.809,1.669,0.599,0.98,AM,MDA-MB-231
52,Trial1_6-0002.tif,132.482,325.634,148,1742,0.815,1.89,0.529,0.977,AM,MDA-MB-231
53,Trial1_6-0002.tif,103.75,323.217,148,1118,0.778,1.98,0.505,0.975,AM,MDA-MB-231
54,Trial1_6-0002.tif,116.959,457.58,149,1773,0.802,1.286,0.777,0.968,AM,MDA-MB-231
55,Trial1_6-0002.tif,90.905,350.45,148,3145,0.671,2.305,0.434,0.956,AM,MDA-MB-231
56,Trial1_5-0002.tif,106.794,356.394,148,1647,0.82,1.614,0.62,0.974,AM,MDA-MB-231
57,Trial1_5-0002.tif,92.889,358.062,148,1322,0.832,1.801,0.555,0.973,AM,MDA-MB-231
58,Trial1_5-0002.tif,101.016,370.105,149,1617,0.752,2.002,0.499,0.967,AM,MDA-MB-231
59,Trial1_5-0002.tif,66.753,395.345,148,2087,0.824,1.722,0.581,0.974,AM,MDA-MB-231
60,Trial1_4-0002.tif,106.839,392.798,148,1604,0.847,1.187,0.843,0.969,AM,MDA-MB-231
61,Trial1_4-0002.tif,94.781,406.018,149,1522,0.938,1.182,0.846,0.979,AM,MDA-MB-231
62,Trial1_4-0002.tif,88.346,295.703,148,1081,0.893,1.136,0.88,0.975,AM,MDA-MB-231
63,Trial1_3-0002.tif,115.917,490.352,149,2060,0.893,1.371,0.729,0.978,AM,MDA-MB-231
64,Trial1_3-0002.tif,107.781,347.956,149,1613,0.916,1.394,0.718,0.979,AM,MDA-MB-231
65,Trial1_3-0002.tif,103.018,459.908,149,2129,0.951,1.195,0.837,0.981,AM,MDA-MB-231
66,Trial1_3-0002.tif,95.449,392.978,150,1603,0.664,2.325,0.43,0.962,AM,MDA-MB-231
67,Trial1_2-0002.tif,104.463,452.488,149,2226,0.864,1.486,0.673,0.97,AM,MDA-MB-231
68,Trial1_2-0002.tif,93.968,457.77,149,1678,0.931,1.127,0.888,0.98,AM,MDA-MB-231
69,Trial1_1-0002.tif,70.519,328.132,147,1136,0.723,2.249,0.445,0.978,AM,MDA-MB-231
70,Trial1_1-0002.tif,99.563,367.421,149,1431,0.775,1.81,0.553,0.963,AM,MDA-MB-231
71,Trial1_1-0002.tif,117.791,361.018,149,1468,0.67,2.541,0.393,0.977,AM,MDA-MB-231
72,Trial1_1-0002.tif,89.616,320.506,147,1385,0.814,1.924,0.52,0.977,AM,MDA-MB-231
1,Trial2_10-0002.tif,138.799,334.24,151,933,0.774,2.046,0.489,0.976,AM,MCF-10A
2,Trial2_10-0002.tif,69.066,348.469,158,921,0.768,2.074,0.482,0.963,AM,MCF-10A
3,Trial2_10-0002.tif,80.246,323.825,152,747,0.724,2.315,0.432,0.969,AM,MCF-10A
4,Trial2_10-0002.tif,155.464,324.937,151,730,0.877,1.393,0.718,0.978,AM,MCF-10A
5,Trial2_9-0002.tif,74.624,369.943,152,841,0.773,2.049,0.488,0.966,AM,MCF-10A
6,Trial2_9-0002.tif,93.529,378.244,152,895,0.702,2.401,0.416,0.97,AM,MCF-10A
7,Trial2_9-0002.tif,67.777,312.119,150,742,0.759,2.108,0.474,0.971,AM,MCF-10A
8,Trial2_9-0002.tif,69.468,392.433,154,1012,0.709,2.321,0.431,0.956,AM,MCF-10A
9,Trial2_7-0002.tif,58.982,401.139,160,896,0.772,1.676,0.597,0.966,AM,MCF-10A
10,Trial2_7-0002.tif,120.698,483.287,177,1221,0.749,1.969,0.508,0.974,AM,MCF-10A
11,Trial2_7-0002.tif,78.509,544.541,212,1154,0.765,2.142,0.467,0.974,AM,MCF-10A
12,Trial2_7-0002.tif,70.611,512.838,192,1114,0.836,1.617,0.618,0.97,AM,MCF-10A
13,Trial2_7-0002.tif,87.642,556.819,226,1205,0.874,1.66,0.603,0.985,AM,MCF-10A
14,Trial2_7-0002.tif,47.628,538.423,179,1086,0.548,3.791,0.264,0.922,AM,MCF-10A
15,Trial2_5_0001-0002.tif,78.628,457.249,167,999,0.814,1.861,0.537,0.974,AM,MCF-10A
16,Trial2_5_0001-0002.tif,53.013,440.802,152,1182,0.708,2.248,0.445,0.944,AM,MCF-10A
17,Trial2_5_0001-0002.tif,71.05,522.968,176,1248,0.642,2.66,0.376,0.95,AM,MCF-10A
18,Trial2_5_0001-0002.tif,51.002,414.508,152,923,0.663,2.482,0.403,0.938,AM,MCF-10A
19,Trial2_4-0002.tif,66.835,572.86,189,1252,0.814,1.664,0.601,0.962,AM,MCF-10A
20,Trial2_4-0002.tif,78.994,515.605,184,1138,0.884,1.08,0.926,0.977,AM,MCF-10A
21,Trial2_3-0002.tif,59.714,431.43,182,957,0.802,1.976,0.506,0.964,AM,MCF-10A
22,Trial2_3-0002.tif,88.848,441.636,164,938,0.794,1.942,0.515,0.974,AM,MCF-10A
23,Trial2_2-0002.tif,59.476,518.903,199,1158,0.897,1.194,0.837,0.974,AM,MCF-10A
24,Trial2_2-0002.tif,64.861,559.184,208,1186,0.786,1.993,0.502,0.966,AM,MCF-10A
25,Trial2_2-0002.tif,102.79,521.19,207,1154,0.861,1.571,0.637,0.981,AM,MCF-10A
26,Trial2_2-0002.tif,73.582,434.195,164,960,0.805,1.902,0.526,0.975,AM,MCF-10A
27,Trial1_13-0002.tif,147.383,273.454,150,683,0.761,2.007,0.498,0.978,AM,MCF-10A
28,Trial1_13-0002.tif,166.745,282.248,150,716,0.682,2.173,0.46,0.964,AM,MCF-10A
29,Trial1_13-0002.tif,123.953,257.049,150,606,0.812,1.6,0.625,0.978,AM,MCF-10A
30,Trial1_13-0002.tif,117.115,280.939,150,780,0.837,1.548,0.646,0.972,AM,MCF-10A
31,Trial1_12-0002.tif,179.717,253.903,150,792,0.934,1.272,0.786,0.982,AM,MCF-10A
32,Trial1_12-0002.tif,219.548,308.612,150,912,0.94,1.274,0.785,0.985,AM,MCF-10A
33,Trial1_12-0002.tif,197.516,250.644,149,576,0.896,1.409,0.71,0.983,AM,MCF-10A
34,Trial1_12-0002.tif,95.22,265.637,150,557,0.818,1.679,0.595,0.969,AM,MCF-10A
35,Trial1_12-0002.tif,118.998,255.001,150,602,0.875,1.318,0.759,0.975,AM,MCF-10A
36,Trial1_12-0002.tif,89.205,275.167,151,667,0.72,1.778,0.563,0.965,AM,MCF-10A
37,Trial1_11-0002.tif,218.917,280.761,150,1101,0.904,1.424,0.702,0.979,AM,MCF-10A
38,Trial1_11-0002.tif,120.653,221.429,149,585,0.753,1.894,0.528,0.977,AM,MCF-10A
39,Trial1_10-0002.tif,56.496,322.656,152,899,0.821,1.798,0.556,0.97,AM,MCF-10A
40,Trial1_10-0002.tif,64.797,299.086,152,705,0.898,1.397,0.716,0.979,AM,MCF-10A
41,Trial1_10-0002.tif,79.551,275.656,150,819,0.761,1.758,0.569,0.97,AM,MCF-10A
42,Trial1_10-0002.tif,70.976,310.177,151,639,0.719,2.177,0.459,0.96,AM,MCF-10A
43,Trial1_10-0002.tif,68.773,276.001,151,605,0.768,2.092,0.478,0.966,AM,MCF-10A
44,Trial1_9-0002.tif,82.413,351.258,151,782,0.743,1.78,0.562,0.969,AM,MCF-10A
45,Trial1_9-0002.tif,146.268,279.526,150,719,0.747,2.035,0.491,0.973,AM,MCF-10A
46,Trial1_9-0002.tif,97.067,227.858,149,729,0.915,1.342,0.745,0.977,AM,MCF-10A
47,Trial1_8-0002.tif,157.247,288.006,150,839,0.896,1.314,0.761,0.978,AM,MCF-10A
48,Trial1_8-0002.tif,106.666,300.218,150,707,0.691,1.668,0.6,0.903,AM,MCF-10A
49,Trial1_8-0002.tif,212.271,278.743,151,805,0.909,1.308,0.764,0.981,AM,MCF-10A
50,Trial1_8-0002.tif,85.174,288.636,150,718,0.887,1.437,0.696,0.975,AM,MCF-10A
51,Trial1_8-0002.tif,72.677,259.067,150,565,0.823,1.682,0.595,0.97,AM,MCF-10A
52,Trial1_7-0002.tif,157.32,293.365,151,674,0.778,1.556,0.643,0.972,AM,MCF-10A
53,Trial1_7-0002.tif,252.696,309.647,150,743,0.859,1.116,0.896,0.961,AM,MCF-10A
54,Trial1_7-0002.tif,82.861,259.282,149,686,0.816,1.995,0.501,0.976,AM,MCF-10A
55,Trial1_7-0002.tif,96.985,263.811,149,589,0.938,1.063,0.94,0.978,AM,MCF-10A
56,Trial1_7-0002.tif,124.364,243.429,149,758,0.838,1.54,0.649,0.977,AM,MCF-10A
57,Trial1_5-0002.tif,90.064,260.443,149,657,0.793,1.713,0.584,0.982,AM,MCF-10A
58,Trial1_5-0002.tif,96.71,339.631,152,790,0.848,1.463,0.684,0.978,AM,MCF-10A
59,Trial1_5-0002.tif,107.123,355.545,155,754,0.778,1.79,0.559,0.972,AM,MCF-10A
60,Trial1_5-0002.tif,70.611,360.809,153,777,0.799,1.257,0.796,0.962,AM,MCF-10A
61,Trial1_4-0002.tif,66.186,337.188,151,703,0.838,1.771,0.565,0.973,AM,MCF-10A
62,Trial1_4-0002.tif,63.718,323.675,151,757,0.818,1.293,0.773,0.961,AM,MCF-10A
63,Trial1_4-0002.tif,104.929,330.968,151,754,0.546,2.741,0.365,0.935,AM,MCF-10A
64,Trial1_3-0002.tif,145.125,255.538,149,842,0.686,2.204,0.454,0.982,AM,MCF-10A
65,Trial1_3-0002.tif,141.304,284.925,150,689,0.9,1.36,0.735,0.981,AM,MCF-10A
66,Trial1_3-0002.tif,141.669,286.865,150,637,0.649,2.571,0.389,0.931,AM,MCF-10A
67,Trial1_3-0002.tif,79.021,290.239,150,766,0.772,2.095,0.477,0.969,AM,MCF-10A
1,Trial1_10-0002.tif,118.093,260.764,151,570,0.929,1.214,0.823,0.982,RM,MCF-10A
2,Trial1_10-0002.tif,120.589,223.71,150,505,0.924,1.206,0.829,0.977,RM,MCF-10A
3,Trial1_10-0002.tif,102.589,252.646,150,576,0.829,1.836,0.545,0.98,RM,MCF-10A
4,Trial1_10-0002.tif,168.126,232.658,150,576,0.879,1.123,0.891,0.969,RM,MCF-10A
5,Trial1_10-0002.tif,155.007,228.905,150,1213,0.924,1.213,0.824,0.982,RM,MCF-10A
6,Trial1_9-0002.tif,107.726,263.621,151,619,0.942,1.115,0.897,0.974,RM,MCF-10A
7,Trial1_9-0002.tif,65.802,242.946,150,584,0.86,1.542,0.649,0.978,RM,MCF-10A
8,Trial1_9-0002.tif,104.627,265.805,151,619,0.917,1.133,0.882,0.976,RM,MCF-10A
9,Trial1_9-0002.tif,76.123,247.483,151,994,0.86,1.563,0.64,0.966,RM,MCF-10A
10,Trial1_8-0002.tif,125.205,257.325,150,688,0.903,1.305,0.766,0.975,RM,MCF-10A
11,Trial1_8-0002.tif,69.77,266.495,151,705,0.826,1.733,0.577,0.965,RM,MCF-10A
12,Trial1_8-0002.tif,132.171,240.992,150,620,0.817,1.916,0.522,0.981,RM,MCF-10A
13,Trial1_8-0002.tif,74.98,264.847,151,705,0.844,1.648,0.607,0.966,RM,MCF-10A
14,Trial1_7-0002.tif,79.25,367.093,153,741,0.872,1.453,0.688,0.973,RM,MCF-10A
15,Trial1_7-0002.tif,80.456,370.42,153,854,0.826,1.485,0.673,0.969,RM,MCF-10A
16,Trial1_7-0002.tif,51.596,281.501,152,602,0.897,1.293,0.774,0.971,RM,MCF-10A
17,Trial1_6-0002.tif,151.597,244.221,150,623,0.951,1.04,0.962,0.983,RM,MCF-10A
18,Trial1_6-0002.tif,167.943,302.495,151,721,0.959,1.079,0.926,0.983,RM,MCF-10A
19,Trial1_6-0002.tif,88.465,264.731,151,589,0.919,1.336,0.748,0.976,RM,MCF-10A
20,Trial1_6-0002.tif,110.597,340.85,152,808,0.893,1.112,0.899,0.976,RM,MCF-10A
21,Trial1_3-0002.tif,68.298,300.046,151,814,0.9,1.392,0.718,0.971,RM,MCF-10A
22,Trial1_3-0002.tif,124.017,305.599,152,671,0.845,1.281,0.781,0.969,RM,MCF-10A
23,Trial1_3-0002.tif,105.889,275.754,151,642,0.858,1.561,0.641,0.973,RM,MCF-10A
24,Trial1_3-0002.tif,116.42,323.574,150,770,0.925,1.211,0.826,0.983,RM,MCF-10A
25,Trial1_2-0002.tif,78.281,299.332,151,702,0.828,1.66,0.603,0.969,RM,MCF-10A
26,Trial1_2-0002.tif,104.344,295.018,151,708,0.948,1.115,0.896,0.982,RM,MCF-10A
27,Trial1_2-0002.tif,62.996,284.675,152,663,0.936,1.179,0.849,0.976,RM,MCF-10A
28,Trial1_2-0002.tif,120.223,256.429,151,610,0.882,1.134,0.881,0.973,RM,MCF-10A
29,Trial1_2-0002.tif,105.953,270.49,150,651,0.921,1.163,0.86,0.981,RM,MCF-10A
30,Trial1_1-0002.tif,120.131,261.755,151,585,0.906,1.182,0.846,0.98,RM,MCF-10A
31,Trial1_1-0002.tif,115.487,245.657,149,524,0.907,1.22,0.82,0.983,RM,MCF-10A
32,Trial1_1-0002.tif,99.91,252.379,150,769,0.89,1.385,0.722,0.968,RM,MCF-10A
33,Trial1_1-0002.tif,102.707,247.323,151,654,0.919,1.215,0.823,0.976,RM,MCF-10A
34,Trial1_1-0002.tif,115.771,256.745,150,614,0.855,1.577,0.634,0.98,RM,MCF-10A
1,Trial2_13-0002.tif,259.835,348.933,153,870,0.766,2.162,0.463,0.979,AM,MCF-10A
2,Trial2_12-0002.tif,62.996,423.788,154,1048,0.945,1.108,0.903,0.977,AM,MCF-10A
3,Trial2_12-0002.tif,163.957,440.256,157,1229,0.732,2.207,0.453,0.957,AM,MCF-10A
4,Trial2_12-0002.tif,86.517,397.108,154,1068,0.806,1.412,0.708,0.987,AM,MCF-10A
5,Trial2_12-0002.tif,143.854,355.983,150,906,0.717,2.17,0.461,0.949,AM,MCF-10A
6,Trial2_10-0002.tif,64.477,345.029,153,740,0.839,1.229,0.814,0.97,AM,MCF-10A
7,Trial2_10-0002.tif,88.693,382.323,164,815,0.835,1.585,0.631,0.973,AM,MCF-10A
8,Trial2_10-0002.tif,90,374.653,155,852,0.822,1.307,0.765,0.978,AM,MCF-10A
9,Trial2_10-0002.tif,176.298,420.638,158,946,0.769,2.176,0.459,0.973,AM,MCF-10A
10,Trial2_9-0002.tif,137.839,356.242,151,841,0.943,1.303,0.768,0.985,AM,MCF-10A
11,Trial2_9-0002.tif,129.365,422.347,156,939,0.776,2.121,0.472,0.969,AM,MCF-10A
12,Trial2_9-0002.tif,86.115,400.882,160,884,0.701,2.305,0.434,0.971,AM,MCF-10A
13,Trial2_9-0002.tif,58.123,355.701,153,737,0.831,1.611,0.621,0.964,AM,MCF-10A
14,Trial2_8-0002.tif,109.225,317.658,152,706,0.829,1.541,0.649,0.976,AM,MCF-10A
15,Trial2_8-0002.tif,70.748,283.867,151,666,0.93,1.186,0.843,0.978,AM,MCF-10A
16,Trial2_8-0002.tif,121.356,357.016,152,876,0.758,2.09,0.478,0.978,AM,MCF-10A
17,Trial2_7-0002.tif,131.805,396.428,154,962,0.84,1.452,0.689,0.962,AM,MCF-10A
18,Trial2_7-0002.tif,184.745,395.773,152,997,0.825,1.772,0.564,0.984,AM,MCF-10A
19,Trial2_7-0002.tif,89.15,364.45,152,845,0.866,1.538,0.65,0.978,AM,MCF-10A
20,Trial2_7-0002.tif,72.329,292.148,151,1177,0.751,2.305,0.434,0.968,AM,MCF-10A
21,Trial2_7-0002.tif,104.344,282.063,151,715,0.725,2.032,0.492,0.964,AM,MCF-10A
22,Trial2_7-0002.tif,72.311,334.306,152,814,0.769,1.617,0.618,0.963,AM,MCF-10A
23,Trial2_6-0002.tif,111.831,278.859,151,892,0.925,1.243,0.805,0.979,AM,MCF-10A
24,Trial2_6-0002.tif,162.86,265.739,152,626,0.87,1.336,0.748,0.963,AM,MCF-10A
25,Trial2_6-0002.tif,86.472,284.298,151,691,0.817,1.62,0.617,0.961,AM,MCF-10A
26,Trial2_5-0002.tif,137.501,324.74,152,1194,0.907,1.452,0.689,0.982,AM,MCF-10A
27,Trial2_5-0002.tif,162.924,314.52,151,897,0.919,1.133,0.882,0.984,AM,MCF-10A
28,Trial2_5-0002.tif,115.743,309.49,152,825,0.795,1.683,0.594,0.965,AM,MCF-10A
29,Trial2_5-0002.tif,118.175,329.638,152,731,0.825,1.751,0.571,0.973,AM,MCF-10A
30,Trial2_3-0002.tif,93.218,322.91,151,899,0.821,1.641,0.61,0.967,AM,MCF-10A
31,Trial2_3-0002.tif,76.215,305.593,152,647,0.787,1.593,0.628,0.959,AM,MCF-10A
32,Trial2_2-0002.tif,152.905,345.535,152,785,0.82,1.742,0.574,0.959,AM,MCF-10A
33,Trial2_2-0002.tif,98.109,317.678,152,794,0.96,1.081,0.925,0.984,AM,MCF-10A
34,Trial1_10-0002.tif,95.504,345.889,153,812,0.784,1.923,0.52,0.968,AM,MCF-10A
35,Trial1_10-0002.tif,161.617,356.44,155,875,0.773,1.383,0.723,0.931,AM,MCF-10A
36,Trial1_10-0002.tif,166.462,366.136,153,880,0.532,2.602,0.384,0.813,AM,MCF-10A
37,Trial1_10-0002.tif,87.678,340.79,155,703,0.747,1.677,0.596,0.946,AM,MCF-10A
38,Trial1_10-0002.tif,159.103,308.877,153,896,0.557,3.33,0.3,0.923,AM,MCF-10A
39,Trial1_10-0002.tif,117.499,302.189,152,812,0.749,2.142,0.467,0.972,AM,MCF-10A
40,Trial1_9-0002.tif,100.669,258.136,150,587,0.848,1.305,0.766,0.966,AM,MCF-10A
41,Trial2_1-0002.tif,98.667,298.285,152,747,0.474,4.202,0.238,0.93,AM,MCF-10A
42,Trial2_1-0002.tif,87.815,304.916,152,821,0.834,1.641,0.609,0.973,AM,MCF-10A
43,Trial2_1-0002.tif,67.503,297.018,153,707,0.838,1.588,0.63,0.964,AM,MCF-10A
44,Trial2_1-0002.tif,128.195,282.953,151,716,0.924,1.446,0.692,0.987,AM,MCF-10A
45,Trial1_7-0002.tif,69.486,302.281,152,659,0.906,1.21,0.826,0.975,AM,MCF-10A
46,Trial1_7-0002.tif,94.187,278.941,150,606,0.655,1.987,0.503,0.939,AM,MCF-10A
47,Trial1_7-0002.tif,111.602,272.089,152,580,0.736,2.238,0.447,0.959,AM,MCF-10A
48,Trial1_7-0002.tif,80.475,288.175,152,687,0.899,1.532,0.653,0.977,AM,MCF-10A
49,Trial1_6-0002.tif,191.986,360.157,153,1022,0.683,2.484,0.403,0.971,AM,MCF-10A
50,Trial1_6-0002.tif,80.429,325.232,151,685,0.665,2.837,0.352,0.947,AM,MCF-10A
51,Trial1_6-0002.tif,133.424,350.168,153,969,0.596,2.744,0.364,0.963,AM,MCF-10A
52,Trial1_6-0002.tif,180.878,327.586,153,819,0.826,1.576,0.634,0.956,AM,MCF-10A
53,Trial1_6-0002.tif,78.144,310.056,151,752,0.78,2.147,0.466,0.984,AM,MCF-10A
54,Trial1_5-0002.tif,149.76,335.701,151,780,0.864,1.425,0.702,0.971,AM,MCF-10A
55,Trial1_5-0002.tif,69.697,327.863,153,722,0.956,1.099,0.91,0.978,AM,MCF-10A
56,Trial1_5-0002.tif,111.502,327.605,154,705,0.744,1.775,0.563,0.93,AM,MCF-10A
57,Trial1_5-0002.tif,120.387,349.066,152,913,0.917,1.385,0.722,0.987,AM,MCF-10A
58,Trial1_3-0002.tif,67.384,326.589,153,698,0.866,1.365,0.733,0.974,AM,MCF-10A
59,Trial1_3-0002.tif,67.265,378.784,165,763,0.887,1.527,0.655,0.973,AM,MCF-10A
60,Trial1_3-0002.tif,47.619,355.833,166,829,0.827,1.303,0.768,0.951,AM,MCF-10A
61,Trial1_2-0002.tif,100.87,313.025,150,678,0.706,2.534,0.395,0.97,AM,MCF-10A
62,Trial1_2-0002.tif,99.233,300.205,152,809,0.745,2.089,0.479,0.976,AM,MCF-10A
63,Trial1_1-0002.tif,135.672,389.564,152,991,0.785,1.835,0.545,0.98,AM,MCF-10A
64,Trial1_1-0002.tif,122.234,289.177,152,619,0.934,1.206,0.829,0.983,AM,MCF-10A
65,Trial1_1-0002.tif,89.616,317.389,152,923,0.898,1.461,0.684,0.978,AM,MCF-10A
66,Trial1_1-0002.tif,100.989,316.891,152,758,0.809,1.968,0.508,0.977,AM,MCF-10A
1,Trial2_11-0002.tif,204.373,272.771,152,683,0.933,1.184,0.844,0.975,RM,MCF-10A
2,Trial2_10-0002.tif,215.297,296.267,152,727,0.953,1.106,0.904,0.984,RM,MCF-10A
3,Trial2_9-0002.tif,151.433,304.506,153,749,0.821,1.268,0.788,0.969,RM,MCF-10A
4,Trial2_9-0002.tif,103.887,401.44,154,887,0.853,1.509,0.663,0.971,RM,MCF-10A
5,Trial2_9-0002.tif,121.695,329.619,155,899,0.94,1.142,0.876,0.981,RM,MCF-10A
6,Trial2_9-0002.tif,106.977,335.894,154,794,0.901,1.496,0.668,0.979,RM,MCF-10A
7,Trial2_9-0002.tif,103.11,355.812,154,781,0.943,1.303,0.767,0.982,RM,MCF-10A
8,Trial2_8-0002.tif,161.425,316.567,153,893,0.927,1.194,0.837,0.98,RM,MCF-10A
9,Trial2_8-0002.tif,236.35,329.725,153,784,0.934,1.114,0.898,0.984,RM,MCF-10A
10,Trial2_8-0002.tif,144.851,345.698,152,1269,0.945,1.187,0.842,0.981,RM,MCF-10A
11,Trial2_8-0002.tif,122.371,338.421,154,848,0.939,1.17,0.855,0.98,RM,MCF-10A
12,Trial2_7-0002.tif,142.264,288.692,152,636,0.831,1.83,0.546,0.97,RM,MCF-10A
13,Trial2_7-0002.tif,141.624,346.479,154,833,0.879,1.544,0.648,0.98,RM,MCF-10A
14,Trial2_6-0002.tif,74.99,301.522,153,1087,0.901,1.265,0.791,0.974,RM,MCF-10A
15,Trial2_6-0002.tif,86.728,292.477,153,937,0.929,1.096,0.912,0.979,RM,MCF-10A
16,Trial2_5-0002.tif,187.725,338.957,153,783,0.921,1.27,0.787,0.977,RM,MCF-10A
17,Trial2_5-0002.tif,192.507,270.564,152,617,0.949,1.141,0.877,0.981,RM,MCF-10A
18,Trial2_5-0002.tif,156.9,323.04,153,703,0.943,1.177,0.85,0.982,RM,MCF-10A
19,Trial2_5-0002.tif,298.615,330.111,153,849,0.824,1.704,0.587,0.978,RM,MCF-10A
20,Trial2_5-0002.tif,197.224,321.826,152,751,0.889,1.519,0.658,0.98,RM,MCF-10A
21,Trial2_4-0002.tif,215.132,289.167,152,1012,0.919,1.259,0.794,0.977,RM,MCF-10A
22,Trial2_4-0002.tif,166.69,296.323,151,738,0.917,1.078,0.928,0.983,RM,MCF-10A
23,Trial2_4-0002.tif,158.792,321.027,152,766,0.905,1.355,0.738,0.983,RM,MCF-10A
24,Trial2_3-0002.tif,214.291,288.82,152,635,0.716,1.839,0.544,0.936,RM,MCF-10A
25,Trial2_3-0002.tif,151.405,283.091,153,1059,0.859,1.539,0.65,0.976,RM,MCF-10A
26,Trial2_2-0002.tif,79.524,523.293,152,1442,0.838,1.336,0.749,0.967,RM,MCF-10A
27,Trial2_1-0002.tif,92.597,321.359,152,762,0.832,1.497,0.668,0.956,RM,MCF-10A
28,Trial2_1-0002.tif,74.313,355.124,164,934,0.797,1.479,0.676,0.948,RM,MCF-10A
29,Trial2_1-0002.tif,111.282,349.258,153,755,0.856,1.591,0.629,0.971,RM,MCF-10A
30,Trial2_1-0002.tif,132.784,355.546,152,1086,0.912,1.134,0.882,0.98,RM,MCF-10A
31,Trial2_1-0002.tif,107.132,332.1,152,821,0.931,1.104,0.906,0.976,RM,MCF-10A
32,Trial1_10-0002.tif,173.3,385.622,154,1067,0.88,1.471,0.68,0.97,RM,MCF-10A
33,Trial1_10-0002.tif,167.815,308.384,152,910,0.927,1.159,0.863,0.983,RM,MCF-10A
34,Trial1_10-0002.tif,183.776,332.169,152,906,0.849,1.605,0.623,0.98,RM,MCF-10A
35,Trial1_10-0002.tif,85.695,357.268,152,861,0.926,1.107,0.904,0.975,RM,MCF-10A
36,Trial1_10-0002.tif,143.498,367.013,156,1150,0.959,1.04,0.962,0.981,RM,MCF-10A
37,Trial1_8-0002.tif,116.63,228.299,151,711,0.906,1.303,0.767,0.979,RM,MCF-10A
38,Trial1_8-0002.tif,112.516,233.434,151,573,0.836,1.476,0.678,0.983,RM,MCF-10A
39,Trial1_8-0002.tif,120.698,237.524,151,669,0.902,1.163,0.86,0.976,RM,MCF-10A
40,Trial1_7-0002.tif,90.156,360.368,153,832,0.888,1.471,0.68,0.971,RM,MCF-10A
41,Trial1_7-0002.tif,59.494,424.92,157,1081,0.783,1.914,0.522,0.97,RM,MCF-10A
42,Trial1_7-0002.tif,81.974,300.873,153,688,0.809,1.705,0.586,0.969,RM,MCF-10A
43,Trial1_6-0002.tif,142.858,401.509,154,877,0.878,1.339,0.747,0.978,RM,MCF-10A
44,Trial1_6-0002.tif,123.605,286.087,151,734,0.898,1.319,0.758,0.978,RM,MCF-10A
45,Trial1_6-0002.tif,99.106,411.483,162,858,0.919,1.213,0.825,0.979,RM,MCF-10A
46,Trial1_5-0002.tif,246.936,360.731,152,958,0.861,1.526,0.655,0.983,RM,MCF-10A
47,Trial1_4-0002.tif,196.94,387.594,154,1370,0.838,1.567,0.638,0.978,RM,MCF-10A
48,Trial1_3-0002.tif,93.584,394.001,151,915,0.851,1.578,0.634,0.973,RM,MCF-10A
49,Trial1_3-0002.tif,118.806,319.044,153,1101,0.752,1.882,0.531,0.972,RM,MCF-10A
50,Trial1_3-0002.tif,118.285,377.612,154,814,0.922,1.228,0.815,0.98,RM,MCF-10A
51,Trial1_1-0002.tif,127.161,266.799,152,581,0.849,1.373,0.729,0.975,RM,MCF-10A
1,Trial2_11-0002.tif,136.861,269.833,151,1015,0.877,1.495,0.669,0.976,AM,MCF-10A
2,Trial2_11-0002.tif,119.071,253.871,152,785,0.645,2.437,0.41,0.929,AM,MCF-10A
3,Trial2_11-0002.tif,51.404,253.083,151,598,0.899,1.324,0.755,0.963,AM,MCF-10A
4,Trial2_11-0002.tif,53.543,246.344,151,590,0.623,2.778,0.36,0.921,AM,MCF-10A
5,Trial2_10-0002.tif,84.278,249.638,151,563,0.709,2.171,0.461,0.967,AM,MCF-10A
6,Trial2_10-0002.tif,83.199,256.002,152,526,0.766,1.748,0.572,0.979,AM,MCF-10A
7,Trial2_10-0002.tif,80.74,241.743,151,592,0.818,1.797,0.557,0.977,AM,MCF-10A
8,Trial2_9-0002.tif,82.349,247.601,152,555,0.854,1.561,0.641,0.961,AM,MCF-10A
9,Trial2_9-0002.tif,62.438,233.027,152,536,0.441,3.907,0.256,0.937,AM,MCF-10A
10,Trial2_9-0002.tif,127.92,286.454,152,801,0.866,1.151,0.869,0.982,AM,MCF-10A
11,Trial2_8-0002.tif,111.163,259.939,151,786,0.812,1.694,0.59,0.971,AM,MCF-10A
12,Trial2_8-0002.tif,129.419,265.357,152,761,0.643,2.571,0.389,0.944,AM,MCF-10A
13,Trial2_8-0002.tif,66.323,296.784,152,677,0.753,1.915,0.522,0.96,AM,MCF-10A
14,Trial2_8-0002.tif,94.827,244.147,152,697,0.776,1.992,0.502,0.971,AM,MCF-10A
15,Trial2_7-0002.tif,47.126,320.291,155,671,0.719,2.032,0.492,0.961,AM,MCF-10A
16,Trial2_7-0002.tif,67.018,266.333,152,617,0.74,1.922,0.52,0.959,AM,MCF-10A
17,Trial2_7-0002.tif,96.29,253.895,151,542,0.861,1.459,0.685,0.971,AM,MCF-10A
18,Trial2_7-0002.tif,74.039,241.002,152,613,0.791,1.74,0.575,0.96,AM,MCF-10A
19,Trial2_6-0002.tif,134,262.489,151,622,0.717,1.968,0.508,0.967,AM,MCF-10A
20,Trial2_6-0002.tif,161.26,339.037,153,761,0.923,1.313,0.762,0.98,AM,MCF-10A
21,Trial2_6-0002.tif,85.74,245.918,151,531,0.641,1.843,0.542,0.972,AM,MCF-10A
22,Trial2_6-0002.tif,77.531,287.905,153,644,0.718,2.148,0.466,0.957,AM,MCF-10A
23,Trial2_5_0001-0002.tif,126.595,329.78,152,984,0.854,1.421,0.704,0.977,AM,MCF-10A
24,Trial2_5_0001-0002.tif,58.562,315.137,152,813,0.854,1.631,0.613,0.969,AM,MCF-10A
25,Trial2_5_0001-0002.tif,81.873,265.078,152,558,0.823,1.682,0.595,0.969,AM,MCF-10A
26,Trial2_5_0001-0002.tif,57.054,295.946,152,618,0.802,1.824,0.548,0.966,AM,MCF-10A
27,Trial2_3-0002.tif,79.058,236.416,151,491,0.796,1.89,0.529,0.972,AM,MCF-10A
28,Trial2_3-0002.tif,100.486,232.184,151,491,0.787,1.616,0.619,0.973,AM,MCF-10A
29,Trial2_3-0002.tif,106.41,233.965,151,790,0.779,1.789,0.559,0.964,AM,MCF-10A
30,Trial2_3-0002.tif,82.385,230.681,151,514,0.794,1.854,0.54,0.964,AM,MCF-10A
31,Trial2_3-0002.tif,156.269,218.394,151,583,0.758,1.692,0.591,0.961,AM,MCF-10A
32,Trial2_3-0002.tif,50.179,285.706,152,599,0.863,1.382,0.724,0.957,AM,MCF-10A
33,Trial2_2-0002.tif,70.602,240.197,152,555,0.816,1.809,0.553,0.97,AM,MCF-10A
34,Trial2_2-0002.tif,91.829,232.704,151,650,0.844,1.454,0.688,0.968,AM,MCF-10A
35,Trial2_2-0002.tif,74.779,230.06,152,547,0.638,2.69,0.372,0.96,AM,MCF-10A
36,Trial2_2-0002.tif,63.133,219.11,151,480,0.752,2.284,0.438,0.969,AM,MCF-10A
37,Trial1_9_0001-0002.tif,102.68,357.481,155,933,0.895,1.322,0.756,0.963,AM,MCF-10A
38,Trial1_9_0001-0002.tif,108.585,406.654,155,1017,0.914,1.361,0.735,0.976,AM,MCF-10A
39,Trial1_9_0001-0002.tif,83.949,425.148,159,1235,0.748,1.896,0.527,0.956,AM,MCF-10A
40,Trial1_9_0001-0002.tif,120.561,438.721,170,910,0.92,1.208,0.828,0.978,AM,MCF-10A
41,Trial1_9_0001-0002.tif,76.059,465.154,173,1001,0.808,1.827,0.547,0.969,AM,MCF-10A
42,Trial1_9_0001-0002.tif,67.658,457.81,165,924,0.957,1.047,0.955,0.979,AM,MCF-10A
43,Trial1_8-0002.tif,95.129,316.203,153,803,0.848,1.687,0.593,0.969,AM,MCF-10A
44,Trial1_8-0002.tif,77.403,282.868,152,628,0.865,1.366,0.732,0.976,AM,MCF-10A
45,Trial1_6-0002.tif,93.401,297.544,152,745,0.823,1.926,0.519,0.974,AM,MCF-10A
46,Trial1_6-0002.tif,107.269,281.066,151,718,0.781,1.653,0.605,0.978,AM,MCF-10A
47,Trial1_6-0002.tif,98.347,285.999,151,758,0.839,1.632,0.613,0.977,AM,MCF-10A
48,Trial1_5-0002.tif,98.749,316.97,151,837,0.834,1.705,0.586,0.975,AM,MCF-10A
49,Trial1_5-0002.tif,126.046,261.049,152,588,0.791,2.105,0.475,0.979,AM,MCF-10A
50,Trial1_5-0002.tif,125.361,263.355,152,644,0.736,2.233,0.448,0.974,AM,MCF-10A
51,Trial1_5-0002.tif,60.436,317.346,154,681,0.692,2.603,0.384,0.963,AM,MCF-10A
52,Trial1_5-0002.tif,109.445,248.718,151,748,0.76,1.942,0.515,0.956,AM,MCF-10A
53,Trial1_4-0002.tif,91.874,351.784,152,802,0.832,1.505,0.665,0.98,AM,MCF-10A
54,Trial1_4-0002.tif,88.858,365.561,152,1047,0.833,1.605,0.623,0.97,AM,MCF-10A
55,Trial1_3-0002.tif,109.033,303.008,151,700,0.804,1.567,0.638,0.968,AM,MCF-10A
56,Trial1_3-0002.tif,72.083,271.924,151,684,0.814,1.903,0.525,0.97,AM,MCF-10A
57,Trial1_3-0002.tif,71.406,379.396,151,1183,0.739,2.116,0.473,0.967,AM,MCF-10A
58,Trial1_3-0002.tif,101.629,301.326,152,689,0.881,1.137,0.879,0.973,AM,MCF-10A
59,Trial1_2-0002.tif,97.076,276.667,152,673,0.804,1.618,0.618,0.962,AM,MCF-10A
60,Trial1_2-0002.tif,102.716,257.771,151,945,0.768,1.82,0.549,0.974,AM,MCF-10A
61,Trial1_2-0002.tif,93.648,261.721,151,611,0.808,1.888,0.53,0.975,AM,MCF-10A
62,Trial1_2-0002.tif,50.033,253.49,151,680,0.641,2.934,0.341,0.954,AM,MCF-10A
63,Trial1_1-0002.tif,90.549,281.385,151,632,0.874,1.601,0.625,0.98,AM,MCF-10A
64,Trial1_1-0002.tif,94.836,266.279,151,822,0.826,1.618,0.618,0.963,AM,MCF-10A
65,Trial1_1-0002.tif,105.523,277.926,151,592,0.709,1.784,0.56,0.957,AM,MCF-10A
66,Trial1_1-0002.tif,85.914,271.825,152,586,0.887,1.214,0.824,0.973,AM,MCF-10A
67,Trial1_1-0002.tif,74.999,271.956,152,652,0.852,1.472,0.68,0.957,AM,MCF-10A
68,Trial1_1-0002.tif,64.12,298.962,151,740,0.692,2.019,0.495,0.946,AM,MCF-10A
1,Trial2_11-0002.tif,83.098,333.869,154,804,0.879,1.676,0.597,0.986,RM,MCF-10A
2,Trial2_11-0002.tif,79.506,315.658,153,791,0.941,1.204,0.831,0.977,RM,MCF-10A
3,Trial2_11-0002.tif,91.829,334.953,154,724,0.927,1.128,0.886,0.969,RM,MCF-10A
4,Trial2_11-0002.tif,99.517,317.876,155,647,0.962,1.119,0.894,0.987,RM,MCF-10A
5,Trial2_11-0002.tif,114.793,333.634,154,778,0.939,1.101,0.908,0.975,RM,MCF-10A
6,Trial2_10-0002.tif,152.329,328.679,153,1117,0.853,1.102,0.907,0.979,RM,MCF-10A
7,Trial2_10-0002.tif,139.667,338.914,154,743,0.931,1.134,0.882,0.984,RM,MCF-10A
8,Trial2_10-0002.tif,139.512,335.881,153,866,0.961,1.09,0.918,0.983,RM,MCF-10A
9,Trial2_10-0002.tif,77.348,290.883,152,632,0.972,1.112,0.899,0.988,RM,MCF-10A
10,Trial2_10-0002.tif,127.317,292.475,152,675,0.954,1.136,0.88,0.984,RM,MCF-10A
11,Trial2_9-0002.tif,96.244,313.613,155,771,0.955,1.249,0.801,0.986,RM,MCF-10A
12,Trial2_9-0002.tif,95.129,320.928,153,727,0.948,1.05,0.952,0.985,RM,MCF-10A
13,Trial2_9-0002.tif,89.159,305.456,153,739,0.908,1.569,0.637,0.984,RM,MCF-10A
14,Trial2_9-0002.tif,153.325,411.047,153,1207,0.878,1.189,0.841,0.98,RM,MCF-10A
15,Trial2_8-0002.tif,198.138,310.502,152,734,0.816,1.737,0.576,0.957,RM,MCF-10A
16,Trial2_8-0002.tif,88.574,316.021,153,696,0.877,1.422,0.703,0.967,RM,MCF-10A
17,Trial2_8-0002.tif,114.354,285.128,153,686,0.936,1.086,0.92,0.985,RM,MCF-10A
18,Trial2_8-0002.tif,77.805,348.384,153,853,0.762,1.826,0.548,0.963,RM,MCF-10A
19,Trial2_7-0002.tif,153.188,329.579,153,721,0.869,1.395,0.717,0.977,RM,MCF-10A
20,Trial2_7-0002.tif,105.642,366.36,156,1083,0.897,1.328,0.753,0.971,RM,MCF-10A
21,Trial2_7-0002.tif,160.474,335.516,154,813,0.873,1.363,0.734,0.98,RM,MCF-10A
22,Trial2_7-0002.tif,58.114,330.486,154,736,0.799,1.963,0.51,0.961,RM,MCF-10A
23,Trial2_6-0002.tif,145.07,288.643,152,687,0.937,1.072,0.933,0.98,RM,MCF-10A
24,Trial2_6-0002.tif,118.129,271.473,152,664,0.897,1.071,0.933,0.982,RM,MCF-10A
25,Trial2_5-0002.tif,82.696,326.757,152,864,0.951,1.105,0.905,0.977,RM,MCF-10A
26,Trial2_5-0002.tif,119.501,281.377,152,684,0.87,1.5,0.667,0.976,RM,MCF-10A
27,Trial2_5-0002.tif,128.953,289.131,152,856,0.939,1.186,0.843,0.978,RM,MCF-10A
28,Trial2_5-0002.tif,138.488,282.134,151,654,0.863,1.711,0.584,0.982,RM,MCF-10A
29,Trial2_5-0002.tif,101.638,317.963,153,694,0.918,1.466,0.682,0.983,RM,MCF-10A
30,Trial2_5-0002.tif,79.999,319.452,153,773,0.952,1.281,0.781,0.983,RM,MCF-10A
31,Trial2_4-0002.tif,134.146,264.766,152,641,0.914,1.277,0.783,0.974,RM,MCF-10A
32,Trial2_4-0002.tif,120.278,261.683,150,619,0.971,1.071,0.934,0.987,RM,MCF-10A
33,Trial2_4-0002.tif,97.049,268.48,152,644,0.788,1.981,0.505,0.978,RM,MCF-10A
34,Trial2_4-0002.tif,65.802,288.074,153,624,0.909,1.138,0.879,0.973,RM,MCF-10A
35,Trial2_3-0002.tif,103.969,246.502,152,725,0.917,1.397,0.716,0.981,RM,MCF-10A
36,Trial2_3-0002.tif,128.597,257.509,152,696,0.969,1.16,0.862,0.99,RM,MCF-10A
37,Trial2_3-0002.tif,209.382,262.369,151,601,0.933,1.112,0.899,0.983,RM,MCF-10A
38,Trial2_2-0002.tif,139.896,250.413,151,589,0.906,1.069,0.935,0.975,RM,MCF-10A
39,Trial2_2-0002.tif,100.98,270.716,152,635,0.853,1.578,0.634,0.982,RM,MCF-10A
40,Trial2_2-0002.tif,95.092,256.332,152,720,0.874,1.559,0.641,0.981,RM,MCF-10A
41,Trial2_2-0002.tif,125.708,275.136,152,878,0.958,1.166,0.858,0.988,RM,MCF-10A
42,Trial2_1-0002.tif,102.031,241.399,152,533,0.88,1.615,0.619,0.985,RM,MCF-10A
43,Trial2_1-0002.tif,132.418,278.718,152,783,0.938,1.202,0.832,0.982,RM,MCF-10A
44,Trial2_1-0002.tif,76.324,274.708,152,636,0.837,1.597,0.626,0.969,RM,MCF-10A
45,Trial2_1-0002.tif,124.611,278.397,152,666,0.814,1.755,0.57,0.975,RM,MCF-10A
46,Trial1_10-0002.tif,107.507,399.822,152,942,0.856,1.664,0.601,0.974,RM,MCF-10A
47,Trial1_10-0002.tif,59.577,450.294,159,1098,0.826,1.286,0.777,0.976,RM,MCF-10A
48,Trial1_10-0002.tif,107.58,287.2,152,1057,0.862,1.212,0.825,0.976,RM,MCF-10A
49,Trial1_10-0002.tif,89.827,346.44,153,847,0.814,1.822,0.549,0.969,RM,MCF-10A
50,Trial1_10-0002.tif,205.991,346.504,153,815,0.93,1.057,0.946,0.989,RM,MCF-10A
51,Trial1_9-0002.tif,96.537,293.843,152,721,0.823,1.709,0.585,0.967,RM,MCF-10A
52,Trial1_9-0002.tif,102.195,282.778,152,718,0.822,1.805,0.554,0.974,RM,MCF-10A
53,Trial1_9-0002.tif,143.955,280.317,152,698,0.771,1.23,0.813,0.961,RM,MCF-10A
54,Trial1_9-0002.tif,84.579,308.292,152,794,0.873,1.591,0.629,0.973,RM,MCF-10A
55,Trial1_8-0002.tif,158.362,432.519,156,1088,0.835,1.741,0.574,0.983,RM,MCF-10A
56,Trial1_7-0002.tif,77.138,332.171,153,808,0.68,2.304,0.434,0.965,RM,MCF-10A
57,Trial1_7-0002.tif,113.97,273.951,151,667,0.861,1.544,0.648,0.974,RM,MCF-10A
58,Trial1_6-0002.tif,173.227,300.434,152,687,0.809,1.572,0.636,0.978,RM,MCF-10A
59,Trial1_5-0002.tif,105.889,289.626,152,610,0.94,1.267,0.789,0.981,RM,MCF-10A
60,Trial1_5-0002.tif,111.118,345.114,152,793,0.893,1.172,0.853,0.974,RM,MCF-10A
61,Trial1_5-0002.tif,151.99,342.901,153,763,0.849,1.672,0.598,0.977,RM,MCF-10A
62,Trial1_4-0002.tif,174.973,332.985,153,832,0.848,1.552,0.644,0.977,RM,MCF-10A
63,Trial1_4-0002.tif,97.113,311.401,153,716,0.794,1.667,0.6,0.948,RM,MCF-10A
64,Trial1_4-0002.tif,182.167,307.688,153,683,0.867,1.414,0.707,0.979,RM,MCF-10A
65,Trial1_3-0002.tif,124.913,311.057,152,707,0.852,1.572,0.636,0.972,RM,MCF-10A
66,Trial1_3-0002.tif,132.939,256.239,151,581,0.898,1.526,0.655,0.982,RM,MCF-10A
67,Trial1_2-0002.tif,139.302,386.001,153,907,0.74,1.991,0.502,0.966,RM,MCF-10A
68,Trial1_2-0002.tif,104.975,298.573,152,644,0.856,1.261,0.793,0.975,RM,MCF-10A